{"data_time": 2.8834975000000895, "fast_rcnn/cls_accuracy": 0.9453125, "fast_rcnn/false_negative": 0.3177083333333333, "fast_rcnn/fg_cls_accuracy": 0.6458333333333334, "iteration": 0, "loss_box_reg": 0.1531865894794464, "loss_cls": 0.16365304589271545, "loss_mask": 0.32361435890197754, "loss_rpn_cls": 0.018215544521808624, "loss_rpn_loc": 0.05641796067357063, "lr": 2.5e-06, "mask_rcnn/accuracy": 0.8641980229591837, "mask_rcnn/false_negative": 0.11418565854600102, "mask_rcnn/false_positive": 0.15590343218328911, "rank_data_time": 2.8834975000000895, "roi_head/num_bg_samples": 464.0, "roi_head/num_fg_samples": 48.0, "rpn/num_neg_anchors": 225.0, "rpn/num_pos_anchors": 31.0, "total_loss": 0.7150874994695187}
